SUMLEV,STATE,COUNTY,PLACE,COUSUB,CONCIT,PRIMGEO_FLAG,FUNCSTAT,NAME,STNAME,CENSUS2010POP,ESTIMATESBASE2010,POPESTIMATE2010,POPESTIMATE2011,POPESTIMATE2012,POPESTIMATE2013,POPESTIMATE2014,POPESTIMATE2015,POPESTIMATE2016,POPESTIMATE2017,POPESTIMATE2018
040,53,000,00000,00000,00000,0,A,Washington,Washington,6724540,6724540,6742902,6821655,6892876,6962906,7052439,7163543,7294680,7425432,7535591
162,53,000,00100,00000,00000,0,A,Aberdeen city,Washington,16896,16884,16880,16704,16530,16317,16212,16217,16280,16431,16654
162,53,000,00905,00000,00000,0,A,Airway Heights city,Washington,6114,7540,7562,7735,7780,7849,7937,8050,8098,8164,9200
162,53,000,01010,00000,00000,0,A,Albion town,Washington,579,590,590,595,600,597,595,600,608,615,613
162,53,000,01290,00000,00000,0,A,Algona city,Washington,3014,3014,3038,3071,3114,3133,3162,3183,3208,3208,3223
162,53,000,01500,00000,00000,0,A,Almira town,Washington,284,284,284,280,276,273,271,272,270,276,278
162,53,000,01990,00000,00000,0,A,Anacortes city,Washington,15778,15767,15764,15850,15875,15952,16183,16388,16664,17002,17283
162,53,000,02585,00000,00000,0,A,Arlington city,Washington,17926,17940,17986,18039,18278,18600,18745,18863,19079,19241,19803
162,53,000,03075,00000,00000,0,A,Asotin city,Washington,1251,1245,1252,1266,1265,1278,1282,1277,1285,1295,1294
162,53,000,03180,00000,00000,0,A,Auburn city,Washington,70180,70164,70423,71645,73390,74848,76139,77409,78660,81275,81905
162,53,000,03736,00000,00000,0,A,Bainbridge Island city,Washington,23025,23025,23062,23163,23177,23024,23138,23624,24165,24545,24846
162,53,000,04475,00000,00000,0,A,Battle Ground city,Washington,17571,17778,17840,17973,18072,18323,18912,19286,20029,20566,20949
162,53,000,04895,00000,00000,0,A,Beaux Arts Village town,Washington,299,299,300,304,307,317,322,323,326,329,327
162,53,000,05210,00000,00000,0,A,Bellevue city,Washington,122363,127885,128358,130271,132194,133823,136445,139918,141927,145451,147599
162,53,000,05280,00000,00000,0,A,Bellingham city,Washington,80885,81252,81344,81896,82347,82638,83440,85063,87038,89139,90665
162,53,000,05560,00000,00000,0,A,Benton City city,Washington,3038,3032,3054,3111,3145,3168,3211,3257,3303,3372,3440
162,53,000,06085,00000,00000,0,A,Bingen city,Washington,712,712,713,718,721,724,717,718,719,729,737
162,53,000,06330,00000,00000,0,A,Black Diamond city,Washington,4151,4151,4166,4218,4283,4325,4370,4419,4448,4469,4477
162,53,000,06505,00000,00000,0,A,Blaine city,Washington,4684,4694,4710,4782,4823,4893,4965,5034,5139,5309,5436
162,53,000,07170,00000,00000,0,A,Bonney Lake city,Washington,17374,17592,17616,17930,18156,18456,18950,20056,20485,20892,21092
162,53,000,07380,00000,00000,0,A,Bothell city,Washington,33505,39868,39994,40689,41349,42487,43606,44320,44818,45760,46657
162,53,000,07695,00000,00000,0,A,Bremerton city,Washington,37729,37876,37931,39288,39285,38279,38548,39956,40536,40919,41235
162,53,000,07835,00000,00000,0,A,Brewster city,Washington,2370,2369,2373,2368,2357,2353,2357,2350,2346,2351,2364
162,53,000,07870,00000,00000,0,A,Bridgeport city,Washington,2409,2409,2411,2405,2432,2435,2455,2484,2540,2568,2589
162,53,000,07940,00000,00000,0,A,Brier city,Washington,6087,6276,6287,6309,6423,6509,6591,6708,6814,6905,6978
162,53,000,08570,00000,00000,0,A,Buckley city,Washington,4354,4344,4345,4379,4408,4420,4487,4522,4656,4816,4944
162,53,000,08605,00000,00000,0,A,Bucoda town,Washington,562,562,562,564,564,566,567,569,578,582,589
162,53,000,08850,00000,00000,0,A,Burien city,Washington,33313,48081,48225,48813,49553,49962,50364,50720,51435,52050,51908
162,53,000,08920,00000,00000,0,A,Burlington city,Washington,8388,8377,8402,8430,8410,8403,8474,8577,8719,8808,9124
162,53,000,09480,00000,00000,0,A,Camas city,Washington,19355,19821,19916,20466,20842,21144,21395,22006,22586,23315,23845
162,53,000,09970,00000,00000,0,A,Carbonado town,Washington,610,608,607,610,612,612,624,629,666,701,714
162,53,000,10215,00000,00000,0,A,Carnation city,Washington,1786,1786,1791,1813,1834,1845,1856,1876,2006,2178,2234
162,53,000,10495,00000,00000,0,A,Cashmere city,Washington,3063,3116,3124,3135,3138,3131,3115,3137,3152,3148,3157
162,53,000,10565,00000,00000,0,A,Castle Rock city,Washington,1982,2117,2119,2130,2111,2122,2131,2174,2205,2233,2271
162,53,000,10635,00000,00000,0,A,Cathlamet town,Washington,532,534,535,532,531,534,534,530,545,557,567
162,53,000,11160,00000,00000,0,A,Centralia city,Washington,16336,16629,16664,16808,16727,16621,16569,16641,16859,17234,17495
162,53,000,11475,00000,00000,0,A,Chehalis city,Washington,7259,7262,7258,7261,7268,7208,7198,7296,7398,7532,7633
162,53,000,11615,00000,00000,0,A,Chelan city,Washington,3890,3874,3888,3910,3910,3917,3928,3998,4063,4135,4222
162,53,000,11825,00000,00000,0,A,Cheney city,Washington,10590,10592,10730,10671,10995,11188,11336,11463,12152,12439,12403
162,53,000,12140,00000,00000,0,A,Chewelah city,Washington,2607,2603,2601,2596,2596,2574,2582,2582,2613,2637,2665
162,53,000,12630,00000,00000,0,A,Clarkston city,Washington,7229,7232,7260,7323,7292,7352,7355,7313,7344,7399,7407
162,53,000,12945,00000,00000,0,A,Cle Elum city,Washington,1872,1874,1874,1894,1892,1890,1891,1905,1963,1993,2004
162,53,000,13365,00000,00000,0,A,Clyde Hill city,Washington,2984,2988,2997,3046,3111,3153,3204,3241,3290,3342,3384
162,53,000,13785,00000,00000,0,A,Colfax city,Washington,2805,2796,2794,2815,2844,2836,2820,2859,2889,2916,2911
162,53,000,13855,00000,00000,0,A,College Place city,Washington,8765,8787,8816,8857,8888,8950,8950,9000,9096,9288,9358
162,53,000,13890,00000,00000,0,A,Colton town,Washington,418,429,431,437,442,439,438,450,460,469,467
162,53,000,14170,00000,00000,0,A,Colville city,Washington,4673,4731,4720,4714,4711,4677,4718,4720,4765,4798,4831
162,53,000,14310,00000,00000,0,A,Conconully town,Washington,210,203,203,204,204,204,205,206,207,208,210
162,53,000,14380,00000,00000,0,A,Concrete town,Washington,705,705,704,707,705,702,708,714,724,731,737
162,53,000,14485,00000,00000,0,A,Connell city,Washington,4209,4210,4238,5211,5413,5399,5405,5458,5428,5538,5566
162,53,000,14870,00000,00000,0,A,Cosmopolis city,Washington,1649,1656,1656,1641,1623,1604,1594,1597,1603,1621,1647
162,53,000,15080,00000,00000,0,A,Coulee City town,Washington,562,562,564,570,572,570,573,573,573,571,572
162,53,000,15115,00000,00000,0,A,Coulee Dam town,Washington,1098,1098,1099,1097,1088,1082,1082,1080,1080,1082,1084
162,53,000,15185,00000,00000,0,A,Coupeville town,Washington,1831,1831,1835,1864,1859,1842,1848,1871,1904,1930,1959
162,53,000,15290,00000,00000,0,A,Covington city,Washington,17575,17565,17628,17971,18359,18860,19160,20053,20763,21063,21202
162,53,000,15710,00000,00000,0,A,Creston town,Washington,236,236,236,233,230,226,223,223,223,226,228
162,53,000,16340,00000,00000,0,A,Cusick town,Washington,207,209,208,209,210,207,209,211,212,217,220
162,53,000,16690,00000,00000,0,A,Darrington town,Washington,1347,1347,1349,1355,1361,1369,1373,1381,1397,1411,1420
162,53,000,16795,00000,00000,0,A,Davenport city,Washington,1734,1734,1736,1733,1722,1695,1675,1679,1679,1708,1724
162,53,000,16970,00000,00000,0,A,Dayton city,Washington,2526,2534,2543,2486,2469,2482,2463,2443,2446,2469,2489
162,53,000,17320,00000,00000,0,A,Deer Park city,Washington,3652,3661,3670,3676,3711,3780,3855,3938,3991,4079,4245
162,53,000,17635,00000,00000,0,A,Des Moines city,Washington,29673,29654,29743,30091,30485,30700,31063,31314,31379,31463,32364
162,53,000,18965,00000,00000,0,A,DuPont city,Washington,8199,8199,8257,8546,8765,9165,9213,9261,9404,9486,9503
162,53,000,19035,00000,00000,0,A,Duvall city,Washington,6695,6713,6744,6874,7209,7480,7663,7711,7770,7870,8061
162,53,000,20155,00000,00000,0,A,East Wenatchee city,Washington,13190,13179,13208,13204,13343,13357,13416,13565,13894,14060,14168
162,53,000,20260,00000,00000,0,A,Eatonville town,Washington,2758,2756,2753,2783,2801,2802,2855,2895,2957,2992,3025
162,53,000,20645,00000,00000,0,A,Edgewood city,Washington,9387,9379,9370,9436,9468,9523,9673,9762,10659,11207,11654
162,53,000,20750,00000,00000,0,A,Edmonds city,Washington,39709,39747,39808,39938,40360,40570,40759,41202,41757,42284,42767
162,53,000,21030,00000,00000,0,A,Electric City city,Washington,968,979,984,995,1000,999,1011,1011,1009,1008,1016
162,53,000,21240,00000,00000,0,A,Ellensburg city,Washington,18174,18391,18416,18602,18460,18520,18961,18985,19763,20300,20977
162,53,000,21450,00000,00000,0,A,Elma city,Washington,3107,3299,3301,3276,3242,3212,3200,3214,3236,3272,3320
162,53,000,21485,00000,00000,0,A,Elmer City town,Washington,238,251,251,253,251,249,249,248,247,248,248
162,53,000,21730,00000,00000,0,A,Endicott town,Washington,289,299,299,301,304,303,300,303,306,309,308
162,53,000,22010,00000,00000,0,A,Entiat city,Washington,1112,1113,1118,1135,1149,1156,1153,1181,1208,1225,1250
162,53,000,22045,00000,00000,0,A,Enumclaw city,Washington,10669,11090,11127,11312,11470,11543,11618,11703,11800,11866,11878
162,53,000,22080,00000,00000,0,A,Ephrata city,Washington,7664,7669,7706,7784,7862,7896,7970,8021,8035,8066,8190
162,53,000,22640,00000,00000,0,A,Everett city,Washington,103019,103070,103291,103557,104555,105175,106580,107219,109098,110385,111262
162,53,000,22745,00000,00000,0,A,Everson city,Washington,2481,2464,2469,2497,2524,2528,2539,2571,2624,2705,2779
162,53,000,22990,00000,00000,0,A,Fairfield town,Washington,612,614,614,614,611,611,610,613,615,616,620
162,53,000,23340,00000,00000,0,A,Farmington town,Washington,146,150,150,151,153,152,151,152,154,155,154
162,53,000,23515,00000,00000,0,A,Federal Way city,Washington,89306,89300,89562,90720,91997,92723,93532,95359,97241,97377,97044
162,53,000,23620,00000,00000,0,A,Ferndale city,Washington,11415,11411,11464,11726,11967,12351,12777,13146,13603,14055,14564
162,53,000,23795,00000,00000,0,A,Fife city,Washington,9173,9178,9195,9289,9318,9377,9497,9921,10063,10152,10191
162,53,000,23970,00000,00000,0,A,Fircrest city,Washington,6497,6495,6487,6539,6559,6561,6602,6638,6730,6795,6810
162,53,000,24810,00000,00000,0,A,Forks city,Washington,3532,3548,3552,3613,3693,3695,3709,3740,3783,3836,3862
162,53,000,25615,00000,00000,0,A,Friday Harbor town,Washington,2162,2176,2174,2279,2299,2292,2315,2343,2346,2419,2474
162,53,000,26140,00000,00000,0,A,Garfield town,Washington,597,599,599,604,610,606,602,608,614,618,618
162,53,000,26455,00000,00000,0,A,George city,Washington,501,501,503,509,510,508,511,511,512,510,518
162,53,000,26735,00000,00000,0,A,Gig Harbor city,Washington,7126,7136,7127,7223,7495,7742,8307,8795,9493,9927,10422
162,53,000,27365,00000,00000,0,A,Gold Bar city,Washington,2075,2154,2157,2163,2175,2184,2197,2213,2243,2306,2345
162,53,000,27435,00000,00000,0,A,Goldendale city,Washington,3407,3407,3411,3446,3425,3444,3419,3417,3429,3476,3497
162,53,000,27855,00000,00000,0,A,Grand Coulee city,Washington,988,1025,1030,1040,1046,1046,1055,1055,1055,1051,1056
162,53,000,27925,00000,00000,0,A,Grandview city,Washington,10862,10854,10895,10922,10966,11085,11102,11121,11152,11131,11147
162,53,000,27960,00000,00000,0,A,Granger city,Washington,3246,3258,3275,3288,3308,3363,3411,3707,3731,3772,3792
162,53,000,27995,00000,00000,0,A,Granite Falls city,Washington,3364,3388,3392,3408,3435,3450,3478,3503,3547,3602,3803
162,53,000,29255,00000,00000,0,A,Hamilton town,Washington,301,301,301,301,300,300,302,305,308,310,312
162,53,000,29710,00000,00000,0,A,Harrah town,Washington,625,624,626,626,634,632,631,633,635,636,642
162,53,000,29745,00000,00000,0,A,Harrington city,Washington,424,427,426,422,416,409,403,403,403,411,415
162,53,000,29920,00000,00000,0,A,Hartline town,Washington,151,151,152,152,154,154,156,157,156,156,156
162,53,000,30060,00000,00000,0,A,Hatton town,Washington,101,101,101,101,104,104,103,103,101,102,102
162,53,000,32300,00000,00000,0,A,Hoquiam city,Washington,8726,8726,8724,8635,8541,8431,8373,8380,8412,8484,8596
162,53,000,32755,00000,00000,0,A,Hunts Point town,Washington,394,396,397,406,414,423,433,437,437,437,437
162,53,000,33000,00000,00000,0,A,Ilwaco city,Washington,936,936,934,928,908,898,903,915,928,948,963
162,53,000,33175,00000,00000,0,A,Index town,Washington,178,176,176,180,182,186,191,196,201,206,209
162,53,000,33560,00000,00000,0,A,Ione town,Washington,447,445,444,443,445,441,444,449,450,459,466
162,53,000,33805,00000,00000,0,A,Issaquah city,Washington,30434,30440,30555,31952,32637,33503,34044,36075,37407,37747,39378
162,53,000,34575,00000,00000,0,A,Kahlotus city,Washington,193,189,190,192,194,192,192,192,193,193,195
162,53,000,34645,00000,00000,0,A,Kalama city,Washington,2344,2366,2363,2376,2364,2372,2405,2461,2552,2683,2718
162,53,000,35065,00000,00000,0,A,Kelso city,Washington,11925,11916,11903,11867,11773,11726,11720,11815,11976,12132,12303
162,53,000,35170,00000,00000,0,A,Kenmore city,Washington,20460,20476,20569,20995,21333,21653,21910,22129,22524,23034,23093
162,53,000,35275,00000,00000,0,A,Kennewick city,Washington,73917,73995,74448,75586,75941,76598,77366,78772,80153,81732,82943
162,53,000,35415,00000,00000,0,A,Kent city,Washington,92411,118614,119063,120962,123155,124522,125794,127324,128316,129372,129618
162,53,000,35485,00000,00000,0,A,Kettle Falls city,Washington,1595,1578,1574,1571,1568,1554,1560,1561,1585,1605,1629
162,53,000,35940,00000,00000,0,A,Kirkland city,Washington,48787,80585,80866,82084,83432,84539,86078,87410,88062,89259,89557
162,53,000,36045,00000,00000,0,A,Kittitas city,Washington,1381,1349,1357,1394,1401,1400,1401,1412,1451,1481,1493
162,53,000,36395,00000,00000,0,A,Krupp town,Washington,48,48,48,48,48,48,49,50,50,50,50
162,53,000,36710,00000,00000,0,A,La Center city,Washington,2800,2951,2960,2985,3031,3056,3085,3112,3146,3224,3281
162,53,000,36745,00000,00000,0,A,Lacey city,Washington,42393,42586,42752,43470,43989,44809,45316,46122,47366,49700,50718
162,53,000,36780,00000,00000,0,A,La Conner town,Washington,891,887,888,890,891,893,904,913,929,942,958
162,53,000,36850,00000,00000,0,A,LaCrosse town,Washington,313,313,313,317,320,318,316,319,322,325,324
162,53,000,37270,00000,00000,0,A,Lake Forest Park city,Washington,12598,12602,12638,12799,13003,13105,13218,13295,13362,13487,13569
162,53,000,37900,00000,00000,0,A,Lake Stevens city,Washington,28069,28061,28259,28623,29030,29829,30175,30754,31616,32838,33378
162,53,000,38038,00000,00000,0,A,Lakewood city,Washington,58163,57532,57598,57938,58108,58142,58582,58883,59741,60310,60538
162,53,000,38215,00000,00000,0,A,Lamont town,Washington,70,70,70,70,71,71,72,73,73,74,76
162,53,000,38355,00000,00000,0,A,Langley city,Washington,1035,1015,1018,1018,1018,1012,1020,1040,1077,1124,1136
162,53,000,38495,00000,00000,0,A,Latah town,Washington,183,180,180,181,183,185,185,185,186,187,187
162,53,000,38845,00000,00000,0,A,Leavenworth city,Washington,1965,1963,1969,1974,1975,1977,1959,1974,1983,1994,2010
162,53,000,39335,00000,00000,0,A,Liberty Lake city,Washington,7591,7594,7617,7719,7851,8193,8533,8805,9111,9883,10594
162,53,000,39510,00000,00000,0,A,Lind town,Washington,564,562,564,566,568,572,570,567,555,561,560
162,53,000,40070,00000,00000,0,A,Long Beach city,Washington,1392,1399,1395,1386,1360,1342,1350,1368,1388,1416,1436
162,53,000,40245,00000,00000,0,A,Longview city,Washington,36648,36831,36791,36696,36395,36250,36249,36549,37033,37597,38112
162,53,000,40770,00000,00000,0,A,Lyman town,Washington,438,438,438,441,439,441,450,456,460,470,473
162,53,000,40805,00000,00000,0,A,Lynden city,Washington,11951,11985,12019,12228,12553,12788,13061,13377,13819,14276,14736
162,53,000,40840,00000,00000,0,A,Lynnwood city,Washington,35836,35873,35940,36031,36238,36394,36597,36889,38061,38329,38511
162,53,000,40980,00000,00000,0,A,Mabton city,Washington,2286,2281,2292,2309,2301,2293,2288,2285,2290,2284,2282
162,53,000,41225,00000,00000,0,A,McCleary city,Washington,1653,1652,1652,1637,1621,1611,1607,1612,1624,1686,1732
162,53,000,42275,00000,00000,0,A,Malden town,Washington,203,203,203,205,206,205,204,206,208,209,209
162,53,000,42800,00000,00000,0,A,Mansfield town,Washington,320,320,320,323,328,332,332,336,339,341,343
162,53,000,43150,00000,00000,0,A,Maple Valley city,Washington,22684,22703,22832,23454,24191,24781,25150,25723,25817,25962,27114
162,53,000,43395,00000,00000,0,A,Marcus town,Washington,183,183,183,182,182,180,180,180,182,183,184
162,53,000,43955,00000,00000,0,A,Marysville city,Washington,60020,60007,60190,61236,62298,63144,64929,66582,67630,68979,69779
162,53,000,44165,00000,00000,0,A,Mattawa city,Washington,4437,4333,4353,4394,4410,4439,4535,4548,4552,4584,4608
162,53,000,44690,00000,00000,0,A,Medical Lake city,Washington,5060,5059,5060,4906,4894,4897,4920,4912,4937,4963,4952
162,53,000,44725,00000,00000,0,A,Medina city,Washington,2969,2969,2980,3024,3071,3124,3194,3236,3266,3291,3295
162,53,000,45005,00000,00000,0,A,Mercer Island city,Washington,22699,22699,22769,23542,24058,24443,24760,25381,25618,25753,25976
162,53,000,45180,00000,00000,0,A,Mesa city,Washington,489,495,498,507,512,506,507,507,509,510,513
162,53,000,45285,00000,00000,0,A,Metaline town,Washington,173,173,172,173,174,172,171,175,176,178,182
162,53,000,45320,00000,00000,0,A,Metaline Falls town,Washington,238,238,238,237,238,236,237,240,241,245,250
162,53,000,45865,00000,00000,0,A,Mill Creek city,Washington,18244,18194,18231,18357,18564,18651,19032,19835,20128,20858,20986
162,53,000,45985,00000,00000,0,A,Millwood city,Washington,1786,1786,1786,1777,1768,1766,1763,1775,1782,1783,1788
162,53,000,46020,00000,00000,0,A,Milton city,Washington,6968,7351,7345,7411,7435,7659,7777,7819,8169,8242,8258
162,53,000,46685,00000,00000,0,A,Monroe city,Washington,17304,17341,17360,17411,17501,17683,17860,18040,18392,18813,19363
162,53,000,46895,00000,00000,0,A,Montesano city,Washington,3976,3991,3992,3960,3921,3884,3865,3888,3910,3956,4028
162,53,000,47175,00000,00000,0,A,Morton city,Washington,1126,1122,1123,1123,1119,1113,1111,1120,1137,1159,1178
162,53,000,47245,00000,00000,0,A,Moses Lake city,Washington,20366,20371,20496,20850,21021,21169,21532,21824,22470,23461,24009
162,53,000,47315,00000,00000,0,A,Mossyrock city,Washington,759,759,758,761,759,754,751,759,770,789,803
162,53,000,47490,00000,00000,0,A,Mountlake Terrace city,Washington,19909,19885,19911,19977,20139,20585,20729,20888,21135,21373,21420
162,53,000,47560,00000,00000,0,A,Mount Vernon city,Washington,31743,31720,31753,32003,32164,32547,33218,33825,34506,35206,35741
162,53,000,47665,00000,00000,0,A,Moxee city,Washington,3308,3454,3502,3603,3651,3737,3807,3843,3995,4032,4073
162,53,000,47735,00000,00000,0,A,Mukilteo city,Washington,20254,20275,20315,20402,20545,20725,20874,21079,21348,21495,21545
162,53,000,47805,00000,00000,0,A,Naches town,Washington,795,811,813,818,817,817,820,821,825,828,831
162,53,000,47980,00000,00000,0,A,Napavine city,Washington,1766,1795,1796,1790,1788,1797,1797,1803,1854,1897,1952
162,53,000,48540,00000,00000,0,A,Nespelem town,Washington,236,232,232,235,233,234,246,254,280,314,352
162,53,000,48645,00000,00000,0,A,Newcastle city,Washington,10380,10368,10398,10547,10795,11036,11196,11369,11599,11763,11823
162,53,000,48820,00000,00000,0,A,Newport city,Washington,2126,2120,2107,2100,2097,2077,2074,2096,2093,2120,2150
162,53,000,49275,00000,00000,0,A,Nooksack city,Washington,1338,1330,1352,1363,1378,1403,1429,1461,1506,1554,1576
162,53,000,49415,00000,00000,0,A,Normandy Park city,Washington,6335,6336,6355,6428,6521,6562,6633,6694,6700,6698,6660
162,53,000,49485,00000,00000,0,A,North Bend city,Washington,5731,5850,5867,5959,6061,6274,6621,6729,6788,6873,7136
162,53,000,49555,00000,00000,0,A,North Bonneville city,Washington,956,958,963,962,961,968,970,968,978,997,1000
162,53,000,50045,00000,00000,0,A,Northport town,Washington,295,295,294,293,293,290,291,290,293,295,297
162,53,000,50325,00000,00000,0,A,Oakesdale town,Washington,422,422,422,425,434,431,428,435,439,442,441
162,53,000,50360,00000,00000,0,A,Oak Harbor city,Washington,22075,22161,22216,22245,22199,21991,22137,22451,22871,23204,23401
162,53,000,50430,00000,00000,0,A,Oakville city,Washington,684,688,688,683,680,671,667,667,670,681,690
162,53,000,50570,00000,00000,0,A,Ocean Shores city,Washington,5569,5571,5589,5621,5610,5577,5593,5650,5773,5914,6112
162,53,000,50745,00000,00000,0,A,Odessa town,Washington,910,911,910,900,887,871,859,861,861,875,882
162,53,000,50920,00000,00000,0,A,Okanogan city,Washington,2552,2607,2613,2606,2589,2575,2574,2566,2570,2578,2591
162,53,000,51300,00000,00000,0,A,Olympia city,Washington,46478,46881,47062,47687,48082,48469,49325,49846,50728,51664,52555
162,53,000,51340,00000,00000,0,A,Omak city,Washington,4845,4794,4803,4791,4752,4717,4787,4780,4777,4800,4806
162,53,000,51970,00000,00000,0,A,Oroville city,Washington,1686,1706,1709,1705,1694,1683,1689,1682,1676,1680,1681
162,53,000,52005,00000,00000,0,A,Orting city,Washington,6746,6737,6743,6796,6855,6990,7224,7415,7666,7981,8395
162,53,000,52215,00000,00000,0,A,Othello city,Washington,7364,7350,7377,7433,7467,7553,7626,7700,8045,8202,8269
162,53,000,52495,00000,00000,0,A,Pacific city,Washington,6606,6605,6624,6712,6851,7051,7102,7154,7180,7236,7219
162,53,000,52950,00000,00000,0,A,Palouse city,Washington,998,994,995,1012,1022,1016,1015,1025,1048,1060,1074
162,53,000,53545,00000,00000,0,A,Pasco city,Washington,59781,62160,62925,65546,67699,68442,69563,70371,71618,72999,74778
162,53,000,53720,00000,00000,0,A,Pateros city,Washington,667,678,679,678,672,667,666,677,699,711,714
162,53,000,53930,00000,00000,0,A,Pe Ell town,Washington,632,632,632,631,630,626,626,630,642,654,667
162,53,000,55120,00000,00000,0,A,Pomeroy city,Washington,1425,1431,1427,1408,1389,1407,1383,1395,1409,1385,1410
162,53,000,55365,00000,00000,0,A,Port Angeles city,Washington,19038,19040,19059,19101,19047,19073,19170,19343,19604,19889,20076
162,53,000,55785,00000,00000,0,A,Port Orchard city,Washington,11144,12191,12233,12506,12603,12871,13178,13490,13833,14008,14389
162,53,000,55855,00000,00000,0,A,Port Townsend city,Washington,9113,9113,9120,9106,9092,9154,9203,9264,9416,9537,9704
162,53,000,55995,00000,00000,0,A,Poulsbo city,Washington,9200,9239,9278,9324,9360,9449,9638,9951,10308,10677,10927
162,53,000,56240,00000,00000,0,A,Prescott city,Washington,318,306,306,308,306,303,301,299,298,302,307
162,53,000,56450,00000,00000,0,A,Prosser city,Washington,5714,5713,5747,5811,5806,5811,5825,5895,6063,6272,6313
162,53,000,56625,00000,00000,0,A,Pullman city,Washington,29799,29822,29835,29923,31346,31555,31727,32735,33181,33588,34019
162,53,000,56695,00000,00000,0,A,Puyallup city,Washington,37022,37241,37224,37657,38238,38502,38979,39368,40344,41003,41886
162,53,000,57115,00000,00000,0,A,Quincy city,Washington,6750,6766,6812,6935,7033,7217,7356,7419,7492,7601,7838
162,53,000,57220,00000,00000,0,A,Rainier city,Washington,1794,1798,1808,1868,1895,1933,1948,1984,2012,2123,2203
162,53,000,57430,00000,00000,0,A,Raymond city,Washington,2882,2869,2863,2866,2827,2788,2798,2832,2871,2928,2963
162,53,000,57465,00000,00000,0,A,Reardan town,Washington,571,571,570,568,564,559,558,563,567,582,593
162,53,000,57535,00000,00000,0,A,Redmond city,Washington,54144,54511,54729,55704,56789,57657,59482,60831,62863,64943,67678
162,53,000,57745,00000,00000,0,A,Renton city,Washington,90927,91903,92345,94180,96024,97183,98709,100571,101638,102107,102153
162,53,000,57850,00000,00000,0,A,Republic city,Washington,1073,1066,1064,1077,1084,1071,1068,1060,1057,1061,1070
162,53,000,58235,00000,00000,0,A,Richland city,Washington,48058,48105,48487,50227,51381,52169,52871,54045,54742,56328,57303
162,53,000,58410,00000,00000,0,A,Ridgefield city,Washington,4763,4795,4822,5072,5274,5630,6115,6451,7031,7948,8357
162,53,000,58725,00000,00000,0,A,Ritzville city,Washington,1673,1680,1681,1680,1678,1685,1676,1668,1635,1652,1649
162,53,000,58795,00000,00000,0,A,Riverside town,Washington,280,280,280,280,277,275,275,274,274,274,274
162,53,000,59145,00000,00000,0,A,Rockford town,Washington,470,473,473,473,473,473,473,474,476,477,483
162,53,000,59180,00000,00000,0,A,Rock Island city,Washington,788,875,876,876,881,887,892,913,961,1021,1052
162,53,000,59775,00000,00000,0,A,Rosalia town,Washington,550,549,549,553,559,553,549,555,560,564,563
162,53,000,60055,00000,00000,0,A,Roslyn city,Washington,893,893,893,899,899,895,896,902,929,946,959
162,53,000,60160,00000,00000,0,A,Roy city,Washington,793,780,779,785,787,787,792,795,813,820,822
162,53,000,60230,00000,00000,0,A,Royal City city,Washington,2140,2142,2153,2173,2196,2185,2212,2230,2226,2219,2230
162,53,000,60510,00000,00000,0,A,Ruston town,Washington,749,749,750,759,761,761,786,794,814,828,843
162,53,000,60860,00000,00000,0,A,St. John town,Washington,537,537,537,543,548,547,545,552,557,563,564
162,53,000,61115,00000,00000,0,A,Sammamish city,Washington,45780,57445,57652,58757,60024,61063,62252,63338,63891,65009,65733
162,53,000,62288,00000,00000,0,A,SeaTac city,Washington,26909,26901,26996,27565,27986,28167,28383,28553,29181,29342,29239
162,53,000,63000,00000,00000,0,A,Seattle city,Washington,608660,608666,610639,623050,636495,654224,670925,688156,710510,729601,744955
162,53,000,63210,00000,00000,0,A,Sedro-Woolley city,Washington,10540,11072,11068,11090,11067,11054,11175,11289,11495,11865,12054
162,53,000,63280,00000,00000,0,A,Selah city,Washington,7147,7343,7371,7432,7483,7518,7562,7638,7723,7865,8024
162,53,000,63385,00000,00000,0,A,Sequim city,Washington,6606,6596,6606,6702,6727,6755,6812,6913,7067,7283,7481
162,53,000,63735,00000,00000,0,A,Shelton city,Washington,9834,9840,9843,9827,9761,9701,9727,9793,9920,10145,10364
162,53,000,63960,00000,00000,0,A,Shoreline city,Washington,53007,53031,53180,53793,54508,54857,55317,55657,55751,56586,56752
162,53,000,64855,00000,00000,0,A,Skykomish town,Washington,198,197,198,200,204,206,209,211,211,217,222
162,53,000,65170,00000,00000,0,A,Snohomish city,Washington,9098,9143,9177,9248,9308,9381,9528,9651,9920,10108,10185
162,53,000,65205,00000,00000,0,A,Snoqualmie city,Washington,10670,10665,10756,11124,11634,12061,12694,13252,13326,13591,13752
162,53,000,65345,00000,00000,0,A,Soap Lake city,Washington,1514,1544,1551,1565,1569,1571,1580,1585,1584,1589,1606
162,53,000,65625,00000,00000,0,A,South Bend city,Washington,1637,1632,1630,1629,1608,1586,1591,1611,1631,1655,1674
162,53,000,65765,00000,00000,0,A,South Cle Elum town,Washington,532,530,530,534,533,532,532,536,552,559,563
162,53,000,66045,00000,00000,0,A,South Prairie town,Washington,434,427,426,429,430,430,432,434,440,443,444
162,53,000,66290,00000,00000,0,A,Spangle city,Washington,278,278,278,281,284,286,288,294,299,307,314
162,53,000,67000,00000,00000,0,A,Spokane city,Washington,208916,209455,209523,208949,209294,209745,210612,212179,214990,217028,219190
162,53,000,67167,00000,00000,0,A,Spokane Valley city,Washington,89755,89743,90045,90680,90658,91345,92751,94329,95794,97793,99703
162,53,000,67175,00000,00000,0,A,Sprague city,Washington,446,446,445,440,434,427,423,425,429,441,450
162,53,000,67210,00000,00000,0,A,Springdale town,Washington,285,285,285,283,283,281,281,280,286,290,297
162,53,000,67455,00000,00000,0,A,Stanwood city,Washington,6231,6241,6272,6366,6417,6563,6721,6762,7005,7119,7204
162,53,000,67490,00000,00000,0,A,Starbuck town,Washington,129,130,130,128,126,128,129,128,129,131,133
162,53,000,67770,00000,00000,0,A,Steilacoom town,Washington,5985,5992,5989,6031,6056,6073,6126,6162,6262,6337,6373
162,53,000,67875,00000,00000,0,A,Stevenson city,Washington,1465,1472,1478,1483,1487,1496,1502,1500,1529,1560,1583
162,53,000,68260,00000,00000,0,A,Sultan city,Washington,4651,4644,4655,4772,4807,4828,4852,4930,5085,5146,5194
162,53,000,68330,00000,00000,0,A,Sumas city,Washington,1307,1307,1310,1321,1326,1332,1341,1364,1396,1466,1503
162,53,000,68435,00000,00000,0,A,Sumner city,Washington,9451,9447,9435,9487,9524,9552,9629,9672,9948,10092,10173
162,53,000,68750,00000,00000,0,A,Sunnyside city,Washington,15858,15922,15984,16060,16059,16084,16109,16305,16477,16566,16742
162,53,000,70000,00000,00000,0,A,Tacoma city,Washington,198397,198243,198227,199493,201531,202130,203762,206801,210268,213430,216279
162,53,000,70560,00000,00000,0,A,Tekoa city,Washington,778,781,780,789,796,794,788,796,807,812,810
162,53,000,70630,00000,00000,0,A,Tenino city,Washington,1695,1688,1691,1695,1694,1701,1719,1741,1812,1828,1852
162,53,000,71400,00000,00000,0,A,Tieton city,Washington,1191,1182,1185,1186,1185,1220,1230,1231,1270,1294,1302
162,53,000,71785,00000,00000,0,A,Toledo city,Washington,725,721,720,723,718,714,714,721,732,747,760
162,53,000,71890,00000,00000,0,A,Tonasket city,Washington,1032,1145,1147,1144,1135,1131,1128,1123,1125,1128,1129
162,53,000,71960,00000,00000,0,A,Toppenish city,Washington,8949,8933,8962,8979,8963,8950,8930,8914,8933,8908,8894
162,53,000,72625,00000,00000,0,A,Tukwila city,Washington,19107,19115,19172,19407,19669,19815,19996,20123,20217,20290,20294
162,53,000,72905,00000,00000,0,A,Tumwater city,Washington,17371,20159,20184,20545,20913,21252,21558,21882,22380,22962,23688
162,53,000,73080,00000,00000,0,A,Twisp town,Washington,919,910,913,916,929,928,929,930,943,954,958
162,53,000,73290,00000,00000,0,A,Union Gap city,Washington,6047,6125,6145,6149,6136,6128,6125,6136,6154,6159,6160
162,53,000,73360,00000,00000,0,A,Uniontown town,Washington,294,294,294,296,301,315,327,334,340,344,345
162,53,000,73465,00000,00000,0,A,University Place city,Washington,31144,31133,31108,31322,31432,31736,31966,32538,32984,33404,33740
162,53,000,73780,00000,00000,0,A,Vader city,Washington,621,620,620,620,619,615,615,619,629,643,655
162,53,000,74060,00000,00000,0,A,Vancouver city,Washington,161791,167185,167622,169058,170056,171594,173442,176430,178627,180379,183012
162,53,000,75565,00000,00000,0,A,Waitsburg city,Washington,1217,1215,1219,1225,1216,1207,1195,1191,1192,1197,1211
162,53,000,75775,00000,00000,0,A,Walla Walla city,Washington,31731,32439,32501,32648,32520,32404,32423,32716,32658,32901,32986
162,53,000,76125,00000,00000,0,A,Wapato city,Washington,4997,5016,5075,5080,5062,5048,5039,5040,5054,5050,5048
162,53,000,76160,00000,00000,0,A,Warden city,Washington,2692,2692,2701,2720,2730,2725,2739,2746,2746,2747,2775
162,53,000,76405,00000,00000,0,A,Washougal city,Washington,14095,14098,14141,14343,14547,14704,14946,15252,15467,15701,16049
162,53,000,76440,00000,00000,0,A,Washtucna town,Washington,208,208,208,208,208,209,208,208,204,206,206
162,53,000,76510,00000,00000,0,A,Waterville town,Washington,1138,1138,1139,1138,1151,1151,1163,1175,1189,1205,1213
162,53,000,76720,00000,00000,0,A,Waverly town,Washington,106,106,106,105,105,105,105,107,108,108,108
162,53,000,77105,00000,00000,0,A,Wenatchee city,Washington,31925,32765,32896,33037,33120,33195,33664,33966,34228,34287,34329
162,53,000,77630,00000,00000,0,A,Westport city,Washington,2099,2077,2080,2063,2052,2026,2014,2015,2029,2048,2080
162,53,000,77665,00000,00000,0,A,West Richland city,Washington,11811,11833,11990,12419,12690,13023,13375,13769,14216,14615,14928
162,53,000,78330,00000,00000,0,A,White Salmon city,Washington,2224,2345,2349,2378,2370,2404,2409,2433,2457,2543,2619
162,53,000,78680,00000,00000,0,A,Wilbur town,Washington,884,869,868,860,846,834,824,825,825,839,846
162,53,000,78925,00000,00000,0,A,Wilkeson town,Washington,477,474,473,479,480,482,488,490,499,504,505
162,53,000,79135,00000,00000,0,A,Wilson Creek town,Washington,205,205,206,209,209,209,211,213,212,213,216
162,53,000,79275,00000,00000,0,A,Winlock city,Washington,1339,1344,1345,1338,1331,1318,1313,1322,1341,1363,1387
162,53,000,79380,00000,00000,0,A,Winthrop town,Washington,394,401,403,411,411,417,418,424,436,441,451
162,53,000,79590,00000,00000,0,A,Woodinville city,Washington,10938,10941,10973,11099,11243,11315,11385,11803,12054,12082,12815
162,53,000,79625,00000,00000,0,A,Woodland city,Washington,5509,5545,5543,5546,5522,5531,5657,5814,5945,6135,6358
162,53,000,79835,00000,00000,0,A,Woodway city,Washington,1307,1302,1304,1306,1316,1330,1343,1357,1375,1387,1387
162,53,000,79975,00000,00000,0,A,Yacolt town,Washington,1566,1572,1579,1599,1618,1636,1663,1695,1696,1734,1799
162,53,000,80010,00000,00000,0,A,Yakima city,Washington,91067,91276,91646,92616,92687,92765,92859,93058,93572,93675,93884
162,53,000,80150,00000,00000,0,A,Yarrow Point town,Washington,1001,1001,1006,1021,1034,1048,1068,1088,1109,1135,1147
162,53,000,80220,00000,00000,0,A,Yelm city,Washington,6848,6848,6905,7061,7172,7609,8174,8363,8836,9114,9374
162,53,000,80500,00000,00000,0,A,Zillah city,Washington,2964,3018,3032,3054,3070,3078,3088,3100,3120,3126,3149
050,53,001,00000,00000,00000,0,A,Adams County,Washington,18728,18728,18789,18879,18952,19115,19200,19244,19378,19681,19759
157,53,001,30060,00000,00000,1,A,Hatton town,Washington,101,101,101,101,104,104,103,103,101,102,102
157,53,001,39510,00000,00000,1,A,Lind town,Washington,564,562,564,566,568,572,570,567,555,561,560
157,53,001,52215,00000,00000,1,A,Othello city,Washington,7364,7350,7377,7433,7467,7553,7626,7700,8045,8202,8269
157,53,001,58725,00000,00000,1,A,Ritzville city,Washington,1673,1680,1681,1680,1678,1685,1676,1668,1635,1652,1649
157,53,001,76440,00000,00000,1,A,Washtucna town,Washington,208,208,208,208,208,209,208,208,204,206,206
157,53,001,99990,00000,00000,1,F,Balance of Adams County,Washington,8818,8827,8858,8891,8927,8992,9017,8998,8838,8958,8973
050,53,003,00000,00000,00000,0,A,Asotin County,Washington,21623,21623,21725,21969,21908,22128,22189,22106,22275,22507,22610
157,53,003,03075,00000,00000,1,A,Asotin city,Washington,1251,1245,1252,1266,1265,1278,1282,1277,1285,1295,1294
157,53,003,12630,00000,00000,1,A,Clarkston city,Washington,7229,7232,7260,7323,7292,7352,7355,7313,7344,7399,7407
157,53,003,99990,00000,00000,1,F,Balance of Asotin County,Washington,13143,13146,13213,13380,13351,13498,13552,13516,13646,13813,13909
050,53,005,00000,00000,00000,0,A,Benton County,Washington,175177,175169,176465,180429,182391,184355,186542,190316,193652,198453,201877
157,53,005,05560,00000,00000,1,A,Benton City city,Washington,3038,3032,3054,3111,3145,3168,3211,3257,3303,3372,3440
157,53,005,35275,00000,00000,1,A,Kennewick city,Washington,73917,73995,74448,75586,75941,76598,77366,78772,80153,81732,82943
157,53,005,56450,00000,00000,1,A,Prosser city,Washington,5714,5713,5747,5811,5806,5811,5825,5895,6063,6272,6313
157,53,005,58235,00000,00000,1,A,Richland city,Washington,48058,48105,48487,50227,51381,52169,52871,54045,54742,56328,57303
157,53,005,77665,00000,00000,1,A,West Richland city,Washington,11811,11833,11990,12419,12690,13023,13375,13769,14216,14615,14928
157,53,005,99990,00000,00000,1,F,Balance of Benton County,Washington,32639,32491,32739,33275,33428,33586,33894,34578,35175,36134,36950
050,53,007,00000,00000,00000,0,A,Chelan County,Washington,72453,72460,72756,73221,73497,73762,74170,75123,75977,76479,77036
157,53,007,10495,00000,00000,1,A,Cashmere city,Washington,3063,3116,3124,3135,3138,3131,3115,3137,3152,3148,3157
157,53,007,11615,00000,00000,1,A,Chelan city,Washington,3890,3874,3888,3910,3910,3917,3928,3998,4063,4135,4222
157,53,007,22010,00000,00000,1,A,Entiat city,Washington,1112,1113,1118,1135,1149,1156,1153,1181,1208,1225,1250
157,53,007,38845,00000,00000,1,A,Leavenworth city,Washington,1965,1963,1969,1974,1975,1977,1959,1974,1983,1994,2010
157,53,007,77105,00000,00000,1,A,Wenatchee city,Washington,31925,32765,32896,33037,33120,33195,33664,33966,34228,34287,34329
157,53,007,99990,00000,00000,1,F,Balance of Chelan County,Washington,30498,29629,29761,30030,30205,30386,30351,30867,31343,31690,32068
050,53,009,00000,00000,00000,0,A,Clallam County,Washington,71404,71404,71509,71760,71771,72056,72477,73222,74285,75712,76737
157,53,009,24810,00000,00000,1,A,Forks city,Washington,3532,3548,3552,3613,3693,3695,3709,3740,3783,3836,3862
157,53,009,55365,00000,00000,1,A,Port Angeles city,Washington,19038,19040,19059,19101,19047,19073,19170,19343,19604,19889,20076
157,53,009,63385,00000,00000,1,A,Sequim city,Washington,6606,6596,6606,6702,6727,6755,6812,6913,7067,7283,7481
157,53,009,99990,00000,00000,1,F,Balance of Clallam County,Washington,42228,42220,42292,42344,42304,42533,42786,43226,43831,44704,45318
050,53,011,00000,00000,00000,0,A,Clark County,Washington,425363,425360,426709,432259,436372,441385,448277,456986,465310,474492,481857
157,53,011,04475,00000,00000,1,A,Battle Ground city,Washington,17571,17778,17840,17973,18072,18323,18912,19286,20029,20566,20949
157,53,011,09480,00000,00000,1,A,Camas city,Washington,19355,19821,19916,20466,20842,21144,21395,22006,22586,23315,23845
157,53,011,36710,00000,00000,1,A,La Center city,Washington,2800,2951,2960,2985,3031,3056,3085,3112,3146,3224,3281
157,53,011,58410,00000,00000,1,A,Ridgefield city,Washington,4763,4795,4822,5072,5274,5630,6115,6451,7031,7948,8357
157,53,011,74060,00000,00000,1,A,Vancouver city,Washington,161791,167185,167622,169058,170056,171594,173442,176430,178627,180379,183012
157,53,011,76405,00000,00000,1,A,Washougal city,Washington,14095,14098,14141,14343,14547,14704,14946,15252,15467,15701,16049
157,53,011,79625,00000,00000,1,A,Woodland city (pt.),Washington,83,87,87,88,88,88,88,89,90,91,90
157,53,011,79975,00000,00000,1,A,Yacolt town,Washington,1566,1572,1579,1599,1618,1636,1663,1695,1696,1734,1799
157,53,011,99990,00000,00000,1,F,Balance of Clark County,Washington,203339,197073,197742,200675,202844,205210,208631,212665,216638,221534,224475
050,53,013,00000,00000,00000,0,A,Columbia County,Washington,4078,4078,4094,4004,3977,4002,3984,3961,3978,4023,4059
157,53,013,16970,00000,00000,1,A,Dayton city,Washington,2526,2534,2543,2486,2469,2482,2463,2443,2446,2469,2489
157,53,013,67490,00000,00000,1,A,Starbuck town,Washington,129,130,130,128,126,128,129,128,129,131,133
157,53,013,99990,00000,00000,1,F,Balance of Columbia County,Washington,1423,1414,1421,1390,1382,1392,1392,1390,1403,1423,1437
050,53,015,00000,00000,00000,0,A,Cowlitz County,Washington,102410,102408,102357,102299,101657,101483,101799,103050,104826,106900,108987
157,53,015,10565,00000,00000,1,A,Castle Rock city,Washington,1982,2117,2119,2130,2111,2122,2131,2174,2205,2233,2271
157,53,015,34645,00000,00000,1,A,Kalama city,Washington,2344,2366,2363,2376,2364,2372,2405,2461,2552,2683,2718
157,53,015,35065,00000,00000,1,A,Kelso city,Washington,11925,11916,11903,11867,11773,11726,11720,11815,11976,12132,12303
157,53,015,40245,00000,00000,1,A,Longview city,Washington,36648,36831,36791,36696,36395,36250,36249,36549,37033,37597,38112
157,53,015,79625,00000,00000,1,A,Woodland city (pt.),Washington,5426,5458,5456,5458,5434,5443,5569,5725,5855,6044,6268
157,53,015,99990,00000,00000,1,F,Balance of Cowlitz County,Washington,44085,43720,43725,43772,43580,43570,43725,44326,45205,46211,47315
050,53,017,00000,00000,00000,0,A,Douglas County,Washington,38431,38427,38515,38663,39202,39400,39795,40559,41426,42167,42907
157,53,017,07870,00000,00000,1,A,Bridgeport city,Washington,2409,2409,2411,2405,2432,2435,2455,2484,2540,2568,2589
157,53,017,15115,00000,00000,1,A,Coulee Dam town (pt.),Washington,187,187,187,187,188,188,189,191,192,192,195
157,53,017,20155,00000,00000,1,A,East Wenatchee city,Washington,13190,13179,13208,13204,13343,13357,13416,13565,13894,14060,14168
157,53,017,42800,00000,00000,1,A,Mansfield town,Washington,320,320,320,323,328,332,332,336,339,341,343
157,53,017,59180,00000,00000,1,A,Rock Island city,Washington,788,875,876,876,881,887,892,913,961,1021,1052
157,53,017,76510,00000,00000,1,A,Waterville town,Washington,1138,1138,1139,1138,1151,1151,1163,1175,1189,1205,1213
157,53,017,99990,00000,00000,1,F,Balance of Douglas County,Washington,20399,20319,20374,20530,20879,21050,21348,21895,22311,22780,23347
050,53,019,00000,00000,00000,0,A,Ferry County,Washington,7551,7554,7544,7637,7663,7592,7590,7519,7530,7590,7649
157,53,019,57850,00000,00000,1,A,Republic city,Washington,1073,1066,1064,1077,1084,1071,1068,1060,1057,1061,1070
157,53,019,99990,00000,00000,1,S,Balance of Ferry County,Washington,6478,6488,6480,6560,6579,6521,6522,6459,6473,6529,6579
050,53,021,00000,00000,00000,0,A,Franklin County,Washington,78163,78163,79083,83065,85729,86501,87743,88779,90315,92117,94347
157,53,021,14485,00000,00000,1,A,Connell city,Washington,4209,4210,4238,5211,5413,5399,5405,5458,5428,5538,5566
157,53,021,34575,00000,00000,1,A,Kahlotus city,Washington,193,189,190,192,194,192,192,192,193,193,195
157,53,021,45180,00000,00000,1,A,Mesa city,Washington,489,495,498,507,512,506,507,507,509,510,513
157,53,021,53545,00000,00000,1,A,Pasco city,Washington,59781,62160,62925,65546,67699,68442,69563,70371,71618,72999,74778
157,53,021,99990,00000,00000,1,F,Balance of Franklin County,Washington,13491,11109,11232,11609,11911,11962,12076,12251,12567,12877,13295
050,53,023,00000,00000,00000,0,A,Garfield County,Washington,2266,2266,2261,2236,2208,2237,2201,2222,2245,2205,2247
157,53,023,55120,00000,00000,1,A,Pomeroy city,Washington,1425,1431,1427,1408,1389,1407,1383,1395,1409,1385,1410
157,53,023,99990,00000,00000,1,F,Balance of Garfield County,Washington,841,835,834,828,819,830,818,827,836,820,837
050,53,025,00000,00000,00000,0,A,Grant County,Washington,89120,89124,89569,90611,91332,91749,92968,93670,94512,95821,97331
157,53,025,15080,00000,00000,1,A,Coulee City town,Washington,562,562,564,570,572,570,573,573,573,571,572
157,53,025,15115,00000,00000,1,A,Coulee Dam town (pt.),Washington,0,0,0,0,0,0,0,0,0,0,0
157,53,025,21030,00000,00000,1,A,Electric City city,Washington,968,979,984,995,1000,999,1011,1011,1009,1008,1016
157,53,025,22080,00000,00000,1,A,Ephrata city,Washington,7664,7669,7706,7784,7862,7896,7970,8021,8035,8066,8190
157,53,025,26455,00000,00000,1,A,George city,Washington,501,501,503,509,510,508,511,511,512,510,518
157,53,025,27855,00000,00000,1,A,Grand Coulee city,Washington,988,1025,1030,1040,1046,1046,1055,1055,1055,1051,1056
157,53,025,29920,00000,00000,1,A,Hartline town,Washington,151,151,152,152,154,154,156,157,156,156,156
157,53,025,36395,00000,00000,1,A,Krupp town,Washington,48,48,48,48,48,48,49,50,50,50,50
157,53,025,44165,00000,00000,1,A,Mattawa city,Washington,4437,4333,4353,4394,4410,4439,4535,4548,4552,4584,4608
157,53,025,47245,00000,00000,1,A,Moses Lake city,Washington,20366,20371,20496,20850,21021,21169,21532,21824,22470,23461,24009
157,53,025,57115,00000,00000,1,A,Quincy city,Washington,6750,6766,6812,6935,7033,7217,7356,7419,7492,7601,7838
157,53,025,60230,00000,00000,1,A,Royal City city,Washington,2140,2142,2153,2173,2196,2185,2212,2230,2226,2219,2230
157,53,025,65345,00000,00000,1,A,Soap Lake city,Washington,1514,1544,1551,1565,1569,1571,1580,1585,1584,1589,1606
157,53,025,76160,00000,00000,1,A,Warden city,Washington,2692,2692,2701,2720,2730,2725,2739,2746,2746,2747,2775
157,53,025,79135,00000,00000,1,A,Wilson Creek town,Washington,205,205,206,209,209,209,211,213,212,213,216
157,53,025,99990,00000,00000,1,F,Balance of Grant County,Washington,40134,40136,40310,40667,40972,41013,41478,41727,41840,41995,42491
050,53,027,00000,00000,00000,0,A,Grays Harbor County,Washington,72797,72798,72843,72357,71770,71046,70783,71027,71572,72553,73901
157,53,027,00100,00000,00000,1,A,Aberdeen city,Washington,16896,16884,16880,16704,16530,16317,16212,16217,16280,16431,16654
157,53,027,14870,00000,00000,1,A,Cosmopolis city,Washington,1649,1656,1656,1641,1623,1604,1594,1597,1603,1621,1647
157,53,027,21450,00000,00000,1,A,Elma city,Washington,3107,3299,3301,3276,3242,3212,3200,3214,3236,3272,3320
157,53,027,32300,00000,00000,1,A,Hoquiam city,Washington,8726,8726,8724,8635,8541,8431,8373,8380,8412,8484,8596
157,53,027,41225,00000,00000,1,A,McCleary city,Washington,1653,1652,1652,1637,1621,1611,1607,1612,1624,1686,1732
157,53,027,46895,00000,00000,1,A,Montesano city,Washington,3976,3991,3992,3960,3921,3884,3865,3888,3910,3956,4028
157,53,027,50430,00000,00000,1,A,Oakville city,Washington,684,688,688,683,680,671,667,667,670,681,690
157,53,027,50570,00000,00000,1,A,Ocean Shores city,Washington,5569,5571,5589,5621,5610,5577,5593,5650,5773,5914,6112
157,53,027,77630,00000,00000,1,A,Westport city,Washington,2099,2077,2080,2063,2052,2026,2014,2015,2029,2048,2080
157,53,027,99990,00000,00000,1,F,Balance of Grays Harbor County,Washington,28438,28254,28281,28137,27950,27713,27658,27787,28035,28460,29042
050,53,029,00000,00000,00000,0,A,Island County,Washington,78506,78508,78690,78936,79035,78196,78698,80031,81708,83285,84460
157,53,029,15185,00000,00000,1,A,Coupeville town,Washington,1831,1831,1835,1864,1859,1842,1848,1871,1904,1930,1959
157,53,029,38355,00000,00000,1,A,Langley city,Washington,1035,1015,1018,1018,1018,1012,1020,1040,1077,1124,1136
157,53,029,50360,00000,00000,1,A,Oak Harbor city,Washington,22075,22161,22216,22245,22199,21991,22137,22451,22871,23204,23401
157,53,029,99990,00000,00000,1,F,Balance of Island County,Washington,53565,53501,53621,53809,53959,53351,53693,54669,55856,57027,57964
050,53,031,00000,00000,00000,0,A,Jefferson County,Washington,29872,29872,29891,29841,29789,29996,30139,30331,30891,31191,31729
157,53,031,55855,00000,00000,1,A,Port Townsend city,Washington,9113,9113,9120,9106,9092,9154,9203,9264,9416,9537,9704
157,53,031,99990,00000,00000,1,F,Balance of Jefferson County,Washington,20759,20759,20771,20735,20697,20842,20936,21067,21475,21654,22025
050,53,033,00000,00000,00000,0,A,King County,Washington,1931249,1931292,1938375,1974084,2011323,2047543,2085730,2126561,2166602,2204229,2233163
157,53,033,01290,00000,00000,1,A,Algona city,Washington,3014,3014,3038,3071,3114,3133,3162,3183,3208,3208,3223
157,53,033,03180,00000,00000,1,A,Auburn city (pt.),Washington,62761,62774,63033,64001,65118,66020,67026,68065,69130,71657,72264
157,53,033,04895,00000,00000,1,A,Beaux Arts Village town,Washington,299,299,300,304,307,317,322,323,326,329,327
157,53,033,05210,00000,00000,1,A,Bellevue city,Washington,122363,127885,128358,130271,132194,133823,136445,139918,141927,145451,147599
157,53,033,06330,00000,00000,1,A,Black Diamond city,Washington,4151,4151,4166,4218,4283,4325,4370,4419,4448,4469,4477
157,53,033,07380,00000,00000,1,A,Bothell city (pt.),Washington,17090,23426,23516,23993,24426,25390,26403,26943,27209,27878,28361
157,53,033,08850,00000,00000,1,A,Burien city,Washington,33313,48081,48225,48813,49553,49962,50364,50720,51435,52050,51908
157,53,033,10215,00000,00000,1,A,Carnation city,Washington,1786,1786,1791,1813,1834,1845,1856,1876,2006,2178,2234
157,53,033,13365,00000,00000,1,A,Clyde Hill city,Washington,2984,2988,2997,3046,3111,3153,3204,3241,3290,3342,3384
157,53,033,15290,00000,00000,1,A,Covington city,Washington,17575,17565,17628,17971,18359,18860,19160,20053,20763,21063,21202
157,53,033,17635,00000,00000,1,A,Des Moines city,Washington,29673,29654,29743,30091,30485,30700,31063,31314,31379,31463,32364
157,53,033,19035,00000,00000,1,A,Duvall city,Washington,6695,6713,6744,6874,7209,7480,7663,7711,7770,7870,8061
157,53,033,22045,00000,00000,1,A,Enumclaw city (pt.),Washington,10669,11090,11127,11312,11470,11543,11618,11703,11800,11866,11878
157,53,033,23515,00000,00000,1,A,Federal Way city,Washington,89306,89300,89562,90720,91997,92723,93532,95359,97241,97377,97044
157,53,033,32755,00000,00000,1,A,Hunts Point town,Washington,394,396,397,406,414,423,433,437,437,437,437
157,53,033,33805,00000,00000,1,A,Issaquah city,Washington,30434,30440,30555,31952,32637,33503,34044,36075,37407,37747,39378
157,53,033,35170,00000,00000,1,A,Kenmore city,Washington,20460,20476,20569,20995,21333,21653,21910,22129,22524,23034,23093
157,53,033,35415,00000,00000,1,A,Kent city,Washington,92411,118614,119063,120962,123155,124522,125794,127324,128316,129372,129618
157,53,033,35940,00000,00000,1,A,Kirkland city,Washington,48787,80585,80866,82084,83432,84539,86078,87410,88062,89259,89557
157,53,033,37270,00000,00000,1,A,Lake Forest Park city,Washington,12598,12602,12638,12799,13003,13105,13218,13295,13362,13487,13569
157,53,033,43150,00000,00000,1,A,Maple Valley city,Washington,22684,22703,22832,23454,24191,24781,25150,25723,25817,25962,27114
157,53,033,44725,00000,00000,1,A,Medina city,Washington,2969,2969,2980,3024,3071,3124,3194,3236,3266,3291,3295
157,53,033,45005,00000,00000,1,A,Mercer Island city,Washington,22699,22699,22769,23542,24058,24443,24760,25381,25618,25753,25976
157,53,033,46020,00000,00000,1,A,Milton city (pt.),Washington,831,831,833,858,871,1084,1163,1173,1422,1425,1420
157,53,033,48645,00000,00000,1,A,Newcastle city,Washington,10380,10368,10398,10547,10795,11036,11196,11369,11599,11763,11823
157,53,033,49415,00000,00000,1,A,Normandy Park city,Washington,6335,6336,6355,6428,6521,6562,6633,6694,6700,6698,6660
157,53,033,49485,00000,00000,1,A,North Bend city,Washington,5731,5850,5867,5959,6061,6274,6621,6729,6788,6873,7136
157,53,033,52495,00000,00000,1,A,Pacific city (pt.),Washington,6514,6512,6531,6619,6757,6953,7004,7056,7080,7135,7118
157,53,033,57535,00000,00000,1,A,Redmond city,Washington,54144,54511,54729,55704,56789,57657,59482,60831,62863,64943,67678
157,53,033,57745,00000,00000,1,A,Renton city,Washington,90927,91903,92345,94180,96024,97183,98709,100571,101638,102107,102153
157,53,033,61115,00000,00000,1,A,Sammamish city,Washington,45780,57445,57652,58757,60024,61063,62252,63338,63891,65009,65733
157,53,033,62288,00000,00000,1,A,SeaTac city,Washington,26909,26901,26996,27565,27986,28167,28383,28553,29181,29342,29239
157,53,033,63000,00000,00000,1,A,Seattle city,Washington,608660,608666,610639,623050,636495,654224,670925,688156,710510,729601,744955
157,53,033,63960,00000,00000,1,A,Shoreline city,Washington,53007,53031,53180,53793,54508,54857,55317,55657,55751,56586,56752
157,53,033,64855,00000,00000,1,A,Skykomish town,Washington,198,197,198,200,204,206,209,211,211,217,222
157,53,033,65205,00000,00000,1,A,Snoqualmie city,Washington,10670,10665,10756,11124,11634,12061,12694,13252,13326,13591,13752
157,53,033,72625,00000,00000,1,A,Tukwila city,Washington,19107,19115,19172,19407,19669,19815,19996,20123,20217,20290,20294
157,53,033,79590,00000,00000,1,A,Woodinville city,Washington,10938,10941,10973,11099,11243,11315,11385,11803,12054,12082,12815
157,53,033,80150,00000,00000,1,A,Yarrow Point town,Washington,1001,1001,1006,1021,1034,1048,1068,1088,1109,1135,1147
157,53,033,99990,00000,00000,1,F,Balance of King County,Washington,325002,226809,227848,232057,235954,238671,241924,244119,245521,246889,247903
050,53,035,00000,00000,00000,0,A,Kitsap County,Washington,251133,251143,251676,254281,254323,252403,253415,259320,263283,266550,269805
157,53,035,03736,00000,00000,1,A,Bainbridge Island city,Washington,23025,23025,23062,23163,23177,23024,23138,23624,24165,24545,24846
157,53,035,07695,00000,00000,1,A,Bremerton city,Washington,37729,37876,37931,39288,39285,38279,38548,39956,40536,40919,41235
157,53,035,55785,00000,00000,1,A,Port Orchard city,Washington,11144,12191,12233,12506,12603,12871,13178,13490,13833,14008,14389
157,53,035,55995,00000,00000,1,A,Poulsbo city,Washington,9200,9239,9278,9324,9360,9449,9638,9951,10308,10677,10927
157,53,035,99990,00000,00000,1,S,Balance of Kitsap County,Washington,170035,168812,169172,170000,169898,168780,168913,172299,174441,176401,178408
050,53,037,00000,00000,00000,0,A,Kittitas County,Washington,40915,40909,40989,41549,41624,41830,42597,43092,44913,46157,47364
157,53,037,12945,00000,00000,1,A,Cle Elum city,Washington,1872,1874,1874,1894,1892,1890,1891,1905,1963,1993,2004
157,53,037,21240,00000,00000,1,A,Ellensburg city,Washington,18174,18391,18416,18602,18460,18520,18961,18985,19763,20300,20977
157,53,037,36045,00000,00000,1,A,Kittitas city,Washington,1381,1349,1357,1394,1401,1400,1401,1412,1451,1481,1493
157,53,037,60055,00000,00000,1,A,Roslyn city,Washington,893,893,893,899,899,895,896,902,929,946,959
157,53,037,65765,00000,00000,1,A,South Cle Elum town,Washington,532,530,530,534,533,532,532,536,552,559,563
157,53,037,99990,00000,00000,1,F,Balance of Kittitas County,Washington,18063,17872,17919,18226,18439,18593,18916,19352,20255,20878,21368
050,53,039,00000,00000,00000,0,A,Klickitat County,Washington,20318,20317,20376,20685,20638,20870,20864,20997,21264,21750,22107
157,53,039,06085,00000,00000,1,A,Bingen city,Washington,712,712,713,718,721,724,717,718,719,729,737
157,53,039,27435,00000,00000,1,A,Goldendale city,Washington,3407,3407,3411,3446,3425,3444,3419,3417,3429,3476,3497
157,53,039,78330,00000,00000,1,A,White Salmon city,Washington,2224,2345,2349,2378,2370,2404,2409,2433,2457,2543,2619
157,53,039,99990,00000,00000,1,F,Balance of Klickitat County,Washington,13975,13853,13903,14143,14122,14298,14319,14429,14659,15002,15254
050,53,041,00000,00000,00000,0,A,Lewis County,Washington,75455,75457,75505,75660,75435,74967,74858,75419,76622,78230,79604
157,53,041,11160,00000,00000,1,A,Centralia city,Washington,16336,16629,16664,16808,16727,16621,16569,16641,16859,17234,17495
157,53,041,11475,00000,00000,1,A,Chehalis city,Washington,7259,7262,7258,7261,7268,7208,7198,7296,7398,7532,7633
157,53,041,47175,00000,00000,1,A,Morton city,Washington,1126,1122,1123,1123,1119,1113,1111,1120,1137,1159,1178
157,53,041,47315,00000,00000,1,A,Mossyrock city,Washington,759,759,758,761,759,754,751,759,770,789,803
157,53,041,47980,00000,00000,1,A,Napavine city,Washington,1766,1795,1796,1790,1788,1797,1797,1803,1854,1897,1952
157,53,041,53930,00000,00000,1,A,Pe Ell town,Washington,632,632,632,631,630,626,626,630,642,654,667
157,53,041,71785,00000,00000,1,A,Toledo city,Washington,725,721,720,723,718,714,714,721,732,747,760
157,53,041,73780,00000,00000,1,A,Vader city,Washington,621,620,620,620,619,615,615,619,629,643,655
157,53,041,79275,00000,00000,1,A,Winlock city,Washington,1339,1344,1345,1338,1331,1318,1313,1322,1341,1363,1387
157,53,041,99990,00000,00000,1,F,Balance of Lewis County,Washington,44892,44573,44589,44605,44476,44201,44164,44508,45260,46212,47074
050,53,043,00000,00000,00000,0,A,Lincoln County,Washington,10570,10570,10575,10528,10431,10297,10227,10289,10340,10579,10740
157,53,043,01500,00000,00000,1,A,Almira town,Washington,284,284,284,280,276,273,271,272,270,276,278
157,53,043,15710,00000,00000,1,A,Creston town,Washington,236,236,236,233,230,226,223,223,223,226,228
157,53,043,16795,00000,00000,1,A,Davenport city,Washington,1734,1734,1736,1733,1722,1695,1675,1679,1679,1708,1724
157,53,043,29745,00000,00000,1,A,Harrington city,Washington,424,427,426,422,416,409,403,403,403,411,415
157,53,043,50745,00000,00000,1,A,Odessa town,Washington,910,911,910,900,887,871,859,861,861,875,882
157,53,043,57465,00000,00000,1,A,Reardan town,Washington,571,571,570,568,564,559,558,563,567,582,593
157,53,043,67175,00000,00000,1,A,Sprague city,Washington,446,446,445,440,434,427,423,425,429,441,450
157,53,043,78680,00000,00000,1,A,Wilbur town,Washington,884,869,868,860,846,834,824,825,825,839,846
157,53,043,99990,00000,00000,1,F,Balance of Lincoln County,Washington,5081,5092,5100,5092,5056,5003,4991,5038,5083,5221,5324
050,53,045,00000,00000,00000,0,A,Mason County,Washington,60699,60692,60735,60870,60681,60472,60615,61033,62179,63801,65507
157,53,045,63735,00000,00000,1,A,Shelton city,Washington,9834,9840,9843,9827,9761,9701,9727,9793,9920,10145,10364
157,53,045,99990,00000,00000,1,F,Balance of Mason County,Washington,50865,50852,50892,51043,50920,50771,50888,51240,52259,53656,55143
050,53,047,00000,00000,00000,0,A,Okanogan County,Washington,41120,41117,41229,41330,41181,41062,41252,41352,41558,41898,42132
157,53,047,07835,00000,00000,1,A,Brewster city,Washington,2370,2369,2373,2368,2357,2353,2357,2350,2346,2351,2364
157,53,047,14310,00000,00000,1,A,Conconully town,Washington,210,203,203,204,204,204,205,206,207,208,210
157,53,047,15115,00000,00000,1,A,Coulee Dam town (pt.),Washington,911,911,912,910,900,894,893,889,888,890,889
157,53,047,21485,00000,00000,1,A,Elmer City town,Washington,238,251,251,253,251,249,249,248,247,248,248
157,53,047,48540,00000,00000,1,A,Nespelem town,Washington,236,232,232,235,233,234,246,254,280,314,352
157,53,047,50920,00000,00000,1,A,Okanogan city,Washington,2552,2607,2613,2606,2589,2575,2574,2566,2570,2578,2591
157,53,047,51340,00000,00000,1,A,Omak city,Washington,4845,4794,4803,4791,4752,4717,4787,4780,4777,4800,4806
157,53,047,51970,00000,00000,1,A,Oroville city,Washington,1686,1706,1709,1705,1694,1683,1689,1682,1676,1680,1681
157,53,047,53720,00000,00000,1,A,Pateros city,Washington,667,678,679,678,672,667,666,677,699,711,714
157,53,047,58795,00000,00000,1,A,Riverside town,Washington,280,280,280,280,277,275,275,274,274,274,274
157,53,047,71890,00000,00000,1,A,Tonasket city,Washington,1032,1145,1147,1144,1135,1131,1128,1123,1125,1128,1129
157,53,047,73080,00000,00000,1,A,Twisp town,Washington,919,910,913,916,929,928,929,930,943,954,958
157,53,047,79380,00000,00000,1,A,Winthrop town,Washington,394,401,403,411,411,417,418,424,436,441,451
157,53,047,99990,00000,00000,1,F,Balance of Okanogan County,Washington,24780,24630,24711,24829,24777,24735,24836,24949,25090,25321,25465
050,53,049,00000,00000,00000,0,A,Pacific County,Washington,20920,20919,20878,20880,20580,20442,20566,20869,21250,21684,22036
157,53,049,33000,00000,00000,1,A,Ilwaco city,Washington,936,936,934,928,908,898,903,915,928,948,963
157,53,049,40070,00000,00000,1,A,Long Beach city,Washington,1392,1399,1395,1386,1360,1342,1350,1368,1388,1416,1436
157,53,049,57430,00000,00000,1,A,Raymond city,Washington,2882,2869,2863,2866,2827,2788,2798,2832,2871,2928,2963
157,53,049,65625,00000,00000,1,A,South Bend city,Washington,1637,1632,1630,1629,1608,1586,1591,1611,1631,1655,1674
157,53,049,99990,00000,00000,1,F,Balance of Pacific County,Washington,14073,14083,14056,14071,13877,13828,13924,14143,14432,14737,15000
050,53,051,00000,00000,00000,0,A,Pend Oreille County,Washington,13001,13001,12949,12951,13000,12884,12917,13087,13124,13363,13602
157,53,051,16340,00000,00000,1,A,Cusick town,Washington,207,209,208,209,210,207,209,211,212,217,220
157,53,051,33560,00000,00000,1,A,Ione town,Washington,447,445,444,443,445,441,444,449,450,459,466
157,53,051,45285,00000,00000,1,A,Metaline town,Washington,173,173,172,173,174,172,171,175,176,178,182
157,53,051,45320,00000,00000,1,A,Metaline Falls town,Washington,238,238,238,237,238,236,237,240,241,245,250
157,53,051,48820,00000,00000,1,A,Newport city,Washington,2126,2120,2107,2100,2097,2077,2074,2096,2093,2120,2150
157,53,051,99990,00000,00000,1,F,Balance of Pend Oreille County,Washington,9810,9816,9780,9789,9836,9751,9782,9916,9952,10144,10334
050,53,053,00000,00000,00000,0,A,Pierce County,Washington,795225,795217,795393,802976,811009,819059,828920,841706,860072,877201,891299
157,53,053,03180,00000,00000,1,A,Auburn city (pt.),Washington,7419,7390,7390,7644,8272,8828,9113,9344,9530,9618,9641
157,53,053,07170,00000,00000,1,A,Bonney Lake city,Washington,17374,17592,17616,17930,18156,18456,18950,20056,20485,20892,21092
157,53,053,08570,00000,00000,1,A,Buckley city,Washington,4354,4344,4345,4379,4408,4420,4487,4522,4656,4816,4944
157,53,053,09970,00000,00000,1,A,Carbonado town,Washington,610,608,607,610,612,612,624,629,666,701,714
157,53,053,18965,00000,00000,1,A,DuPont city,Washington,8199,8199,8257,8546,8765,9165,9213,9261,9404,9486,9503
157,53,053,20260,00000,00000,1,A,Eatonville town,Washington,2758,2756,2753,2783,2801,2802,2855,2895,2957,2992,3025
157,53,053,20645,00000,00000,1,A,Edgewood city,Washington,9387,9379,9370,9436,9468,9523,9673,9762,10659,11207,11654
157,53,053,22045,00000,00000,1,A,Enumclaw city (pt.),Washington,0,0,0,0,0,0,0,0,0,0,0
157,53,053,23795,00000,00000,1,A,Fife city,Washington,9173,9178,9195,9289,9318,9377,9497,9921,10063,10152,10191
157,53,053,23970,00000,00000,1,A,Fircrest city,Washington,6497,6495,6487,6539,6559,6561,6602,6638,6730,6795,6810
157,53,053,26735,00000,00000,1,A,Gig Harbor city,Washington,7126,7136,7127,7223,7495,7742,8307,8795,9493,9927,10422
157,53,053,38038,00000,00000,1,A,Lakewood city,Washington,58163,57532,57598,57938,58108,58142,58582,58883,59741,60310,60538
157,53,053,46020,00000,00000,1,A,Milton city (pt.),Washington,6137,6520,6512,6553,6564,6575,6614,6646,6747,6817,6838
157,53,053,52005,00000,00000,1,A,Orting city,Washington,6746,6737,6743,6796,6855,6990,7224,7415,7666,7981,8395
157,53,053,52495,00000,00000,1,A,Pacific city (pt.),Washington,92,93,93,93,94,98,98,98,100,101,101
157,53,053,56695,00000,00000,1,A,Puyallup city,Washington,37022,37241,37224,37657,38238,38502,38979,39368,40344,41003,41886
157,53,053,60160,00000,00000,1,A,Roy city,Washington,793,780,779,785,787,787,792,795,813,820,822
157,53,053,60510,00000,00000,1,A,Ruston town,Washington,749,749,750,759,761,761,786,794,814,828,843
157,53,053,66045,00000,00000,1,A,South Prairie town,Washington,434,427,426,429,430,430,432,434,440,443,444
157,53,053,67770,00000,00000,1,A,Steilacoom town,Washington,5985,5992,5989,6031,6056,6073,6126,6162,6262,6337,6373
157,53,053,68435,00000,00000,1,A,Sumner city,Washington,9451,9447,9435,9487,9524,9552,9629,9672,9948,10092,10173
157,53,053,70000,00000,00000,1,A,Tacoma city,Washington,198397,198243,198227,199493,201531,202130,203762,206801,210268,213430,216279
157,53,053,73465,00000,00000,1,A,University Place city,Washington,31144,31133,31108,31322,31432,31736,31966,32538,32984,33404,33740
157,53,053,78925,00000,00000,1,A,Wilkeson town,Washington,477,474,473,479,480,482,488,490,499,504,505
157,53,053,99990,00000,00000,1,S,Balance of Pierce County,Washington,366738,366772,366889,370775,374295,379315,384121,389787,398803,408545,416366
050,53,055,00000,00000,00000,0,A,San Juan County,Washington,15769,15769,15784,15844,15849,15909,16010,16198,16304,16725,17128
157,53,055,25615,00000,00000,1,A,Friday Harbor town,Washington,2162,2176,2174,2279,2299,2292,2315,2343,2346,2419,2474
157,53,055,99990,00000,00000,1,F,Balance of San Juan County,Washington,13607,13593,13610,13565,13550,13617,13695,13855,13958,14306,14654
050,53,057,00000,00000,00000,0,A,Skagit County,Washington,116901,116893,116954,117579,117721,118277,119992,121604,123709,126026,128206
157,53,057,01990,00000,00000,1,A,Anacortes city,Washington,15778,15767,15764,15850,15875,15952,16183,16388,16664,17002,17283
157,53,057,08920,00000,00000,1,A,Burlington city,Washington,8388,8377,8402,8430,8410,8403,8474,8577,8719,8808,9124
157,53,057,14380,00000,00000,1,A,Concrete town,Washington,705,705,704,707,705,702,708,714,724,731,737
157,53,057,29255,00000,00000,1,A,Hamilton town,Washington,301,301,301,301,300,300,302,305,308,310,312
157,53,057,36780,00000,00000,1,A,La Conner town,Washington,891,887,888,890,891,893,904,913,929,942,958
157,53,057,40770,00000,00000,1,A,Lyman town,Washington,438,438,438,441,439,441,450,456,460,470,473
157,53,057,47560,00000,00000,1,A,Mount Vernon city,Washington,31743,31720,31753,32003,32164,32547,33218,33825,34506,35206,35741
157,53,057,63210,00000,00000,1,A,Sedro-Woolley city,Washington,10540,11072,11068,11090,11067,11054,11175,11289,11495,11865,12054
157,53,057,99990,00000,00000,1,F,Balance of Skagit County,Washington,48117,47626,47636,47867,47870,47985,48578,49137,49904,50692,51524
050,53,059,00000,00000,00000,0,A,Skamania County,Washington,11066,11070,11115,11153,11200,11308,11377,11378,11585,11837,11924
157,53,059,49555,00000,00000,1,A,North Bonneville city,Washington,956,958,963,962,961,968,970,968,978,997,1000
157,53,059,67875,00000,00000,1,A,Stevenson city,Washington,1465,1472,1478,1483,1487,1496,1502,1500,1529,1560,1583
157,53,059,99990,00000,00000,1,F,Balance of Skamania County,Washington,8645,8640,8674,8708,8752,8844,8905,8910,9078,9280,9341
050,53,061,00000,00000,00000,0,A,Snohomish County,Washington,713335,713296,715507,722044,732152,744236,757417,770049,787695,803039,814901
157,53,061,02585,00000,00000,1,A,Arlington city,Washington,17926,17940,17986,18039,18278,18600,18745,18863,19079,19241,19803
157,53,061,07380,00000,00000,1,A,Bothell city (pt.),Washington,16415,16442,16478,16696,16923,17097,17203,17377,17609,17882,18296
157,53,061,07940,00000,00000,1,A,Brier city,Washington,6087,6276,6287,6309,6423,6509,6591,6708,6814,6905,6978
157,53,061,16690,00000,00000,1,A,Darrington town,Washington,1347,1347,1349,1355,1361,1369,1373,1381,1397,1411,1420
157,53,061,20750,00000,00000,1,A,Edmonds city,Washington,39709,39747,39808,39938,40360,40570,40759,41202,41757,42284,42767
157,53,061,22640,00000,00000,1,A,Everett city,Washington,103019,103070,103291,103557,104555,105175,106580,107219,109098,110385,111262
157,53,061,27365,00000,00000,1,A,Gold Bar city,Washington,2075,2154,2157,2163,2175,2184,2197,2213,2243,2306,2345
157,53,061,27995,00000,00000,1,A,Granite Falls city,Washington,3364,3388,3392,3408,3435,3450,3478,3503,3547,3602,3803
157,53,061,33175,00000,00000,1,A,Index town,Washington,178,176,176,180,182,186,191,196,201,206,209
157,53,061,37900,00000,00000,1,A,Lake Stevens city,Washington,28069,28061,28259,28623,29030,29829,30175,30754,31616,32838,33378
157,53,061,40840,00000,00000,1,A,Lynnwood city,Washington,35836,35873,35940,36031,36238,36394,36597,36889,38061,38329,38511
157,53,061,43955,00000,00000,1,A,Marysville city,Washington,60020,60007,60190,61236,62298,63144,64929,66582,67630,68979,69779
157,53,061,45865,00000,00000,1,A,Mill Creek city,Washington,18244,18194,18231,18357,18564,18651,19032,19835,20128,20858,20986
157,53,061,46685,00000,00000,1,A,Monroe city,Washington,17304,17341,17360,17411,17501,17683,17860,18040,18392,18813,19363
157,53,061,47490,00000,00000,1,A,Mountlake Terrace city,Washington,19909,19885,19911,19977,20139,20585,20729,20888,21135,21373,21420
157,53,061,47735,00000,00000,1,A,Mukilteo city,Washington,20254,20275,20315,20402,20545,20725,20874,21079,21348,21495,21545
157,53,061,65170,00000,00000,1,A,Snohomish city,Washington,9098,9143,9177,9248,9308,9381,9528,9651,9920,10108,10185
157,53,061,67455,00000,00000,1,A,Stanwood city,Washington,6231,6241,6272,6366,6417,6563,6721,6762,7005,7119,7204
157,53,061,68260,00000,00000,1,A,Sultan city,Washington,4651,4644,4655,4772,4807,4828,4852,4930,5085,5146,5194
157,53,061,79835,00000,00000,1,A,Woodway city,Washington,1307,1302,1304,1306,1316,1330,1343,1357,1375,1387,1387
157,53,061,99990,00000,00000,1,S,Balance of Snohomish County,Washington,302292,301790,302969,306670,312297,319983,327660,334620,344255,352372,359066
050,53,063,00000,00000,00000,0,A,Spokane County,Washington,471221,471229,472089,473401,475453,478368,482926,488749,497143,505928,514631
157,53,063,00905,00000,00000,1,A,Airway Heights city,Washington,6114,7540,7562,7735,7780,7849,7937,8050,8098,8164,9200
157,53,063,11825,00000,00000,1,A,Cheney city,Washington,10590,10592,10730,10671,10995,11188,11336,11463,12152,12439,12403
157,53,063,17320,00000,00000,1,A,Deer Park city,Washington,3652,3661,3670,3676,3711,3780,3855,3938,3991,4079,4245
157,53,063,22990,00000,00000,1,A,Fairfield town,Washington,612,614,614,614,611,611,610,613,615,616,620
157,53,063,38495,00000,00000,1,A,Latah town,Washington,183,180,180,181,183,185,185,185,186,187,187
157,53,063,39335,00000,00000,1,A,Liberty Lake city,Washington,7591,7594,7617,7719,7851,8193,8533,8805,9111,9883,10594
157,53,063,44690,00000,00000,1,A,Medical Lake city,Washington,5060,5059,5060,4906,4894,4897,4920,4912,4937,4963,4952
157,53,063,45985,00000,00000,1,A,Millwood city,Washington,1786,1786,1786,1777,1768,1766,1763,1775,1782,1783,1788
157,53,063,59145,00000,00000,1,A,Rockford town,Washington,470,473,473,473,473,473,473,474,476,477,483
157,53,063,66290,00000,00000,1,A,Spangle city,Washington,278,278,278,281,284,286,288,294,299,307,314
157,53,063,67000,00000,00000,1,A,Spokane city,Washington,208916,209455,209523,208949,209294,209745,210612,212179,214990,217028,219190
157,53,063,67167,00000,00000,1,A,Spokane Valley city,Washington,89755,89743,90045,90680,90658,91345,92751,94329,95794,97793,99703
157,53,063,76720,00000,00000,1,A,Waverly town,Washington,106,106,106,105,105,105,105,107,108,108,108
157,53,063,99990,00000,00000,1,F,Balance of Spokane County,Washington,136108,134148,134445,135634,136846,137945,139558,141625,144604,148101,150844
050,53,065,00000,00000,00000,0,A,Stevens County,Washington,43531,43523,43464,43439,43472,43262,43470,43544,44131,44667,45260
157,53,065,12140,00000,00000,1,A,Chewelah city,Washington,2607,2603,2601,2596,2596,2574,2582,2582,2613,2637,2665
157,53,065,14170,00000,00000,1,A,Colville city,Washington,4673,4731,4720,4714,4711,4677,4718,4720,4765,4798,4831
157,53,065,35485,00000,00000,1,A,Kettle Falls city,Washington,1595,1578,1574,1571,1568,1554,1560,1561,1585,1605,1629
157,53,065,43395,00000,00000,1,A,Marcus town,Washington,183,183,183,182,182,180,180,180,182,183,184
157,53,065,50045,00000,00000,1,A,Northport town,Washington,295,295,294,293,293,290,291,290,293,295,297
157,53,065,67210,00000,00000,1,A,Springdale town,Washington,285,285,285,283,283,281,281,280,286,290,297
157,53,065,99990,00000,00000,1,F,Balance of Stevens County,Washington,33893,33848,33807,33800,33839,33706,33858,33931,34407,34859,35357
050,53,067,00000,00000,00000,0,A,Thurston County,Washington,252264,252260,252996,256321,258489,261791,264975,268014,273721,280289,286419
157,53,067,08605,00000,00000,1,A,Bucoda town,Washington,562,562,562,564,564,566,567,569,578,582,589
157,53,067,36745,00000,00000,1,A,Lacey city,Washington,42393,42586,42752,43470,43989,44809,45316,46122,47366,49700,50718
157,53,067,51300,00000,00000,1,A,Olympia city,Washington,46478,46881,47062,47687,48082,48469,49325,49846,50728,51664,52555
157,53,067,57220,00000,00000,1,A,Rainier city,Washington,1794,1798,1808,1868,1895,1933,1948,1984,2012,2123,2203
157,53,067,70630,00000,00000,1,A,Tenino city,Washington,1695,1688,1691,1695,1694,1701,1719,1741,1812,1828,1852
157,53,067,72905,00000,00000,1,A,Tumwater city,Washington,17371,20159,20184,20545,20913,21252,21558,21882,22380,22962,23688
157,53,067,80220,00000,00000,1,A,Yelm city,Washington,6848,6848,6905,7061,7172,7609,8174,8363,8836,9114,9374
157,53,067,99990,00000,00000,1,F,Balance of Thurston County,Washington,135123,131738,132032,133431,134180,135452,136368,137507,140009,142316,145440
050,53,069,00000,00000,00000,0,A,Wahkiakum County,Washington,3978,3979,3983,3992,3999,4033,4043,4027,4167,4280,4426
157,53,069,10635,00000,00000,1,A,Cathlamet town,Washington,532,534,535,532,531,534,534,530,545,557,567
157,53,069,99990,00000,00000,1,S,Balance of Wahkiakum County,Washington,3446,3445,3448,3460,3468,3499,3509,3497,3622,3723,3859
050,53,071,00000,00000,00000,0,A,Walla Walla County,Washington,58781,58781,58920,59444,59340,59378,59536,59976,60094,60652,60922
157,53,071,13855,00000,00000,1,A,College Place city,Washington,8765,8787,8816,8857,8888,8950,8950,9000,9096,9288,9358
157,53,071,56240,00000,00000,1,A,Prescott city,Washington,318,306,306,308,306,303,301,299,298,302,307
157,53,071,75565,00000,00000,1,A,Waitsburg city,Washington,1217,1215,1219,1225,1216,1207,1195,1191,1192,1197,1211
157,53,071,75775,00000,00000,1,A,Walla Walla city,Washington,31731,32439,32501,32648,32520,32404,32423,32716,32658,32901,32986
157,53,071,99990,00000,00000,1,F,Balance of Walla Walla County,Washington,16750,16034,16078,16406,16410,16514,16667,16770,16850,16964,17060
050,53,073,00000,00000,00000,0,A,Whatcom County,Washington,201140,201146,201547,203480,204880,206107,208215,211940,216569,221650,225685
157,53,073,05280,00000,00000,1,A,Bellingham city,Washington,80885,81252,81344,81896,82347,82638,83440,85063,87038,89139,90665
157,53,073,06505,00000,00000,1,A,Blaine city,Washington,4684,4694,4710,4782,4823,4893,4965,5034,5139,5309,5436
157,53,073,22745,00000,00000,1,A,Everson city,Washington,2481,2464,2469,2497,2524,2528,2539,2571,2624,2705,2779
157,53,073,23620,00000,00000,1,A,Ferndale city,Washington,11415,11411,11464,11726,11967,12351,12777,13146,13603,14055,14564
157,53,073,40805,00000,00000,1,A,Lynden city,Washington,11951,11985,12019,12228,12553,12788,13061,13377,13819,14276,14736
157,53,073,49275,00000,00000,1,A,Nooksack city,Washington,1338,1330,1352,1363,1378,1403,1429,1461,1506,1554,1576
157,53,073,68330,00000,00000,1,A,Sumas city,Washington,1307,1307,1310,1321,1326,1332,1341,1364,1396,1466,1503
157,53,073,99990,00000,00000,1,F,Balance of Whatcom County,Washington,87079,86703,86879,87667,87962,88174,88663,89924,91444,93146,94426
050,53,075,00000,00000,00000,0,A,Whitman County,Washington,44776,44778,44794,45048,46636,46793,46916,48128,48784,49344,49791
157,53,075,01010,00000,00000,1,A,Albion town,Washington,579,590,590,595,600,597,595,600,608,615,613
157,53,075,13785,00000,00000,1,A,Colfax city,Washington,2805,2796,2794,2815,2844,2836,2820,2859,2889,2916,2911
157,53,075,13890,00000,00000,1,A,Colton town,Washington,418,429,431,437,442,439,438,450,460,469,467
157,53,075,21730,00000,00000,1,A,Endicott town,Washington,289,299,299,301,304,303,300,303,306,309,308
157,53,075,23340,00000,00000,1,A,Farmington town,Washington,146,150,150,151,153,152,151,152,154,155,154
157,53,075,26140,00000,00000,1,A,Garfield town,Washington,597,599,599,604,610,606,602,608,614,618,618
157,53,075,36850,00000,00000,1,A,LaCrosse town,Washington,313,313,313,317,320,318,316,319,322,325,324
157,53,075,38215,00000,00000,1,A,Lamont town,Washington,70,70,70,70,71,71,72,73,73,74,76
157,53,075,42275,00000,00000,1,A,Malden town,Washington,203,203,203,205,206,205,204,206,208,209,209
157,53,075,50325,00000,00000,1,A,Oakesdale town,Washington,422,422,422,425,434,431,428,435,439,442,441
157,53,075,52950,00000,00000,1,A,Palouse city,Washington,998,994,995,1012,1022,1016,1015,1025,1048,1060,1074
157,53,075,56625,00000,00000,1,A,Pullman city,Washington,29799,29822,29835,29923,31346,31555,31727,32735,33181,33588,34019
157,53,075,59775,00000,00000,1,A,Rosalia town,Washington,550,549,549,553,559,553,549,555,560,564,563
157,53,075,60860,00000,00000,1,A,St. John town,Washington,537,537,537,543,548,547,545,552,557,563,564
157,53,075,70560,00000,00000,1,A,Tekoa city,Washington,778,781,780,789,796,794,788,796,807,812,810
157,53,075,73360,00000,00000,1,A,Uniontown town,Washington,294,294,294,296,301,315,327,334,340,344,345
157,53,075,99990,00000,00000,1,F,Balance of Whitman County,Washington,5978,5930,5933,6012,6080,6055,6039,6126,6218,6281,6295
050,53,077,00000,00000,00000,0,A,Yakima County,Washington,243231,243240,244269,245950,246207,246612,247046,248065,249691,250377,251446
157,53,077,27925,00000,00000,1,A,Grandview city,Washington,10862,10854,10895,10922,10966,11085,11102,11121,11152,11131,11147
157,53,077,27960,00000,00000,1,A,Granger city,Washington,3246,3258,3275,3288,3308,3363,3411,3707,3731,3772,3792
157,53,077,29710,00000,00000,1,A,Harrah town,Washington,625,624,626,626,634,632,631,633,635,636,642
157,53,077,40980,00000,00000,1,A,Mabton city,Washington,2286,2281,2292,2309,2301,2293,2288,2285,2290,2284,2282
157,53,077,47665,00000,00000,1,A,Moxee city,Washington,3308,3454,3502,3603,3651,3737,3807,3843,3995,4032,4073
157,53,077,47805,00000,00000,1,A,Naches town,Washington,795,811,813,818,817,817,820,821,825,828,831
157,53,077,63280,00000,00000,1,A,Selah city,Washington,7147,7343,7371,7432,7483,7518,7562,7638,7723,7865,8024
157,53,077,68750,00000,00000,1,A,Sunnyside city,Washington,15858,15922,15984,16060,16059,16084,16109,16305,16477,16566,16742
157,53,077,71400,00000,00000,1,A,Tieton city,Washington,1191,1182,1185,1186,1185,1220,1230,1231,1270,1294,1302
157,53,077,71960,00000,00000,1,A,Toppenish city,Washington,8949,8933,8962,8979,8963,8950,8930,8914,8933,8908,8894
157,53,077,73290,00000,00000,1,A,Union Gap city,Washington,6047,6125,6145,6149,6136,6128,6125,6136,6154,6159,6160
157,53,077,76125,00000,00000,1,A,Wapato city,Washington,4997,5016,5075,5080,5062,5048,5039,5040,5054,5050,5048
157,53,077,80010,00000,00000,1,A,Yakima city,Washington,91067,91276,91646,92616,92687,92765,92859,93058,93572,93675,93884
157,53,077,80500,00000,00000,1,A,Zillah city,Washington,2964,3018,3032,3054,3070,3078,3088,3100,3120,3126,3149
157,53,077,99990,00000,00000,1,F,Balance of Yakima County,Washington,83889,83143,83466,83828,83885,83894,84045,84233,84760,85051,85476
